Queen’s College,皇仁書院,Zora
Valtorta College,恩主教書院,SKYLAR
Munsang College (Hong Kong Island),港島民生書院,Artemis
Po On Commercial Association Wong Siu Ching Secondary School,寶安商會王少清中學,Hygge
S.K.H. Bishop Baker Secondary School ,聖公會白約翰會督中學,Spark
Hotung Secondary School,何東中學,Athena
Fukien Secondary School ,福建中學,Solaris
Daughters of Mary Help of Christians Siu Ming Catholic Secondary School ,天主教母佑會蕭明中學,Arimina
HKSYCIA Wong Tai Shan Memorial College,香港四邑商工總會黃棣珊紀念中學,Eleanore
Munsang college,民生書院,Elpis
Baptist Lui Ming Choi Secondary School,浸信會呂明才中學,Aquila
The Hong Kong Management Association KSLo College ,香港管理專業協會羅桂祥中學,initial
Christian & Missionary Alliance Sun Kei Secondary School,基督教宣道會宣基中學,Pharos
True Light Girls' College,真光女書院,Larenis
Cheung Chuk Shan college ,張祝珊英文中學,Affinitus 
GT ( Ellen Yeung ) College,優才（楊殷有娣）書院,Oasis
Cheng Chek Chee Secondary School Of Sai Kung and Hang Hau District\, N.T.,新界西貢坑口區鄭植之中學,Ace
Clementi Secondary School,金文泰中學,Unity
Holy Trinity College,寶血會上智英文書院,Soleil
Tseung Kwan O Government Secondary School,將軍澳官立中學,Aucania
Henrietta Secondary School ,香港浸信會顯理中學,Meteor
Po Leung Kok Ho Yuk Ching (1984) College ,保良局甲子何玉清中學,Fair
Tsung Tsin Christian Academy ,基督教崇真中學,Eunoia 
CCC Kei Long College,中華基督教會基朗中學 ,Memories
The Church of Christ in China Ming Yin College,中華基督教會銘賢書院,Elpis
Sheng Kung Hui Tang Shiu Kin Secondary School,聖公會鄧肇堅中學,Aegis
HKTA Tang Hin Memorial Secondary School,香港道教聯合會鄧顯紀念中學,Nova
Blaze,落霞,Blaze
TaK Sun secondary school ,德信中學,Meteor 
Stewards Pooi Kei College ,香港神託會培基書院,Amigo
Tak Oi Secondary School ,德愛中學,Uranus
Raimondi College ,高主教書院,Zendra
Queen Elizabeth School ,伊利沙伯中學,Solis
CMT,東華三院張明添中學,CoMaTe
STFA Lee Shau Kee College,順德聯誼總會李兆基中學,Utopia
The Assn. of Directors & Former Directors of Pok Oi Hospital Ltd. Leung Sing Tak College,博愛醫院歷屆總理聯誼會梁省德中學,HËLIOS
St. Antonius Girls' College,聖安當女書院,Nexus
Salesian English School,慈幼英文學校,Diversity
St. Francis Xavier's School\, Tsuen Wan,荃灣聖方濟中學,synergy 
Wai Kiu College,惠僑英文中學,Drifting
CCC Heep Woh College,中華基督教會協和書院,Initial 
Shun Lee Catholic Secondary School,順利天主教中學,Împreună
St. Joseph's Anglo-Chinese School,聖若瑟英文中學,Acropolis
cpss,新會商會陳白沙記念中學,goddess
King Ling College,景嶺書院,Telonious
Po Leung Kuk Laws Foundation College ,保良局羅氏基金中學,Clover
Shun Tak Fraternal Association Leung Kau Kui College ,順德聯誼總會梁銶琚中學,Astra
Pui Tak Canossian College,嘉諾撒培德書院,yume
Yan Oi Tong Tin Ka Ping Secondary School ,仁愛堂田家炳中學,Apricity
Diocesan Boys' School,拔萃男書院,Solstice
Pok Oi Hospital Chan Kai Memorial College ,博愛醫院陳楷紀念中學,echo
SKH Lui Ming Choi Secondary School ,聖公會呂明才中學,Zora
HKFYG Lee Shau Kee College,香港青年協會李兆基書院,Nouvelle
Setwards Pooi Tun Secondary School ,香港神託會培敦中學,Belief信燃
St. Paul’s College,聖保羅書院,Exllumia
YCHLPYSS,仁濟醫院林百欣中學,Triangle 
SKH Lam Woo Memorial Secondary School,聖公會林護紀念中學,Kestral
Ikigai,華仁書院(九龍),Ikigai
Tin Shui Wai Methodist College,天水圍循道衞理中學,Miracle
Pok Oi Hospital Tang Pui King Memorial College,博愛醫院鄧佩瓊紀念中學,unlimit
Christ College ,基督書院,Morii
King’s College,英皇書院,Splendente
Cotton spinners association secondary school,棉紡會中學,Destiny 
holap college,可立中學,皓耀
Bishop Hall Jubilee School ,何明華會督銀禧中學,Epiphany 
kowloon tong school(secondary section ),九龍塘學校（中學部）,titanium 
Carmel Secondary School ,迦密中學,Zephyr
Fanling Rhenish Church Secondary School,粉嶺禮賢會中學,Purrfect
Jockey Club Government Secondary School,賽馬會官立中學,Synergy
CCC Yenching College ,中華基督教會燕京書院,Aurora 
Buddhist Wong Fung Ling College,佛教黃鳳翎中學,Espoir 
Sheng Kung Hui Lam Kau Mau Secondary School,聖公會林裘謀中學,Elpis
Pooi To Middle School,香港培道中學,Zenith
Hong Kong Teachers' Association Lee Heng Kwei Secondary School,香港教師會李興貴中學,Freedom
ngwah Secondary School ,天主教伍華中學,Beta
Sing Yin Secondary School ,聖言中學,Helios
Our lady of the rosary college ,聖母玫瑰書院,Edelweiss 
Wa Ying College,華英中學,Orion
ECF Saint Too Canaan College ,聖道迦南書院,Pegasus 
South Tuen Mun Government Secondary School ,南屯門官立中學,aurora
HKCCCU Logos Academy,香港華人基督教聯會真道書院,Spark
Chong Gene Hang College,張振興伉儷書院,Union
Ying Wa College,英華書院,Virtus
Shun Tak Fraternal Association Seaward Woo College,順德聯誼總會胡兆熾中學,ZER0
Tak Nga Secondary School,德雅中學,Nova 
St Stephen’s College,聖士提反書院,Veritas
HKBUAS Wong Kam Fai Secondary School,香港浸會大學附屬學校王錦輝中小學(中學部),Polaroid
SKH KeiHau secondary school ,聖公會基孝中學,Hyacinth 
Helen Liang Memorial Secondary School (Shatin),梁文燕紀念中學（沙田）,Pharos
Canossa College,嘉諾撒書院,Meraki
St Peter's Secondary School,聖伯多祿中學,Polaris
Tack Ching Girls‘ Secondary School,德貞女子中學,Lighthouse
Kau Yan College,救恩書院,Universe
St. Francis Xavier's College,聖芳濟書院,Avalon
Ma on shan tsung tsin secondary school,馬鞍山崇真中學,Sparkle
St. Mark’s School,聖馬可中學,Syzygy
Tseung Kwan O Government Secondary School,將軍澳官立中學,Aucania
Maryknoll secondary school ,瑪利諾中學,Cordial
Hong Kong Tang King Po College,香港鄧鏡波書院,Unitus
St.Teresa Secondary School,德蘭中學,Ksana
Po Leung Kuk Lee Shing Pik College,保良局李城璧中學,Ethereal
Pope Paul VI College,保祿六世書院,Voyage
Lions College ,獅子會中學,Nova 
Echo,中華基督教會銘基書院,Echo
Lok Sin Tong Ku Chiu Man Secondary School,樂善堂顧超文中學,Wintersweet 
Hoyu College and Primary School(Sponsored by Sik Sik Yuen),嗇色園主辦可譽中學暨可譽小學,Ignite
Catholic Ming Yuen secondary school ,天主教鳴遠中學,Blaze
Carmel Alison Lam Foundation Secondary School,迦密愛禮信中學,Zeal
ho fung college (sponsored by sik sik yuen),可風中學（嗇色園主辦）,Novus
P.L.K. Mrs Ma Kam Ming - Cheung Fook Sien College ,保良局馬錦明夫人章馥仙中學,Luminous 
CNEC Christian College ,中華傳道會安柱中學,Sonder
Shau Kei Wan Government Secondary School,筲箕灣官立中學,Horizon
Assembly Of God Hebron Secondary School,神召會康樂中學,Novel
Carmel Divine Grace Foundation Secondary School ,迦密主恩中學,Nebula
Kou Lui Secondery School,高雷中學,GPT
Wong Shiu Chi Secondary School,王肇枝中學,Firenze
Chiu Lut Sau Memorial Secondary School,趙聿修紀念中學,Arcane
Chinese YMCA Secondary School,中華基督教青年會中學,Altair
Immaculate heart of Mary College,聖母無玷聖心書院,Violet
FDBWA Szeto Ho Secondary School,五邑司徒浩中学,Phoenix
SKH Tang Shiu Kin Secondary School,聖公會鄧肇堅中學,Aegis
LAM TAI FAI COLLEGE ,林大輝中學,Eternity 
Belilios Public School,庇理羅士女子中學,Vorpis
Christian Alliance Cheng Wing Gee College ,宣道會鄭榮之中學,Ceres
Tsung Tsin College,崇真書院,Undefined
Lok Sin Tong Young Ko Hsiao Lin Secondary School,樂善堂楊葛小琳中學,Dodecagon
Madam Lau Kam Lung Secondary School Of MFBM,妙法寺劉金龍中學,小籠女Laura
CCC Kei Chi Secondary School,中華基督教會基智中學,Eutopia
Aberdeen Baptist Lui Ming Choi College,香港仔浸信會呂明才書院,Camellia
Buddhist Sin Tak College,佛教善德英文中學,Tidal
C.C.C. Fong Yun Wah Secondary School,中華基督教會方潤華中學,triangle
Queen Elizabeth School Old Students' Assocation Tong Kwok Wah Secondary School,伊利沙伯中學舊生會湯國華中學,恆星 Iris
Hong Kong Chinese Women's Club College,香港中國婦女會中學,aster
Pui Shing Catholic Secondary School,天主教培聖中學,Symphony
SKH Bishop Mok Sau Tseng Secondary School,聖公會莫壽增會督中學,Cisne
NLSI Lui Kwok Pat Fong College,新生命教育協會呂郭碧鳳中學,Tetris
KIT SAM LAM BING YIM SECONDARY SCHOOL,潔心林炳炎中學,Cloud
TWGHs czm,東華三院陳兆民中學,Ouroboros 
Heung To Middle School （Tin Shui Wai）,天水圍香島中學,Servicaponsible
HHCKLA BUDDHIST MA KAM CHAN MEMORIAL ENGLISH SECONDARY SCHOOL,香海正覺蓮社佛教馬錦燦紀念英文中學,sakura
Carmel Bunnan Tong Memorial Secondary School,迦密唐賓南紀念中學,Direction
Kiangsu-Chekiang College (Shatin),沙田蘇浙公學,Vlinder
NLSl Peace Evangelical Secondary School,新生命教育協會平安福音中學,Unify 
Kwun Tong Kung Lok government secondary school,觀塘功樂官立中學,Sirius
JockeyClub Man Kwan EduYoung College,賽馬會萬鈞毅智書院,Future
Yuen Long Public Secondary school ,元朗公立中學,Bridge
Lui Cheung Kwong Lutheran College,路德會呂祥光中學,Gallery
LLCMHLAU ,糧堂劉梅軒中學,shadow
Buddhist Ho Nam Kam College,佛教何南金中學,Dimary.P
The Methodist Lee Wai Lee College,循道衞理聯合教會李惠利中學,Boost 
Choi Hung Estate Catholic Secondary School,彩虹邨天主教英文中學,Ephemeral
Buddhist Sum Heung Lam Memorial College,佛教沈香林紀念中學,MARS
Scientia Secondary School,創知中學,曦
Hong Kong Baptist University Affiliated School Wong Kam Fai Secondary and Primary School,香港浸會大學附屬學校王錦輝中小學(中學部),Plumeria
HKMA David Li Kwok Po College,香港管理專業協會李國寶中學,MELIORA